{
  "timestep_size": 0.001,
  "num_steps": 3000,
  "system_precision": "float64",
  "gravity": [
    0,
    0,
    -9.81
  ],
  "tensegrity_robot_config" : {
    "name": "3bar",
    "rods": [
      {
        "name": "rod_01",
        "rod_type": "rod_sphere_end_caps_motors",
        "end_pts": [
          [
            -1.5530433212345103,  0.08632876123451  , 10.17474469123451
          ],
          [
            1.0848403612345106,  0.46879421123451  , 12.034258021234512
          ]
        ],
        "linear_vel": [
          0,
          0,
          0
        ],
        "ang_vel": [
          0,
          0,
          0
        ],
        "radius": 0.016,
        "sphere_radius": 0.175,
        "sphere_mass": 10.5,
        "motor_mass": 35.3,
        "motor_radius": 0.175,
        "motor_length": 0.45,
        "motor_offset": 1.175,
        "mass": 41.8,
        "sites": [
          "s0",
          "s1",
          "s_0_4",
          "s_0_3",
          "s_0_2",
          "s_1_4",
          "s_1_3",
          "s_1_5"
        ],
        "shape": "cylinder",
        "fixed": true
      },
      {
        "name": "rod_23",
        "rod_type": "rod_sphere_end_caps_motors",
        "end_pts": [
          [
            -0.6636061551924052, -1.6027383164597246, 11.066782561305477
          ],
          [
            0.4028429532936645,  1.3240700236253233, 10.139971253214412
          ]
        ],
        "linear_vel": [
          0,
          0,
          0
        ],
        "ang_vel": [
          0,
          0,
          0
        ],
        "radius": 0.016,
        "sphere_radius": 0.175,
        "sphere_mass": 10.5,
        "motor_mass": 35.3,
        "motor_radius": 0.175,
        "motor_length": 0.45,
        "motor_offset": 1.175,
        "mass": 41.8,
        "sites": [
          "s2",
          "s3",
          "s_2_4",
          "s_2_0",
          "s_2_5",
          "s_3_1",
          "s_3_0",
          "s_3_5"
        ],
        "shape": "cylinder",
        "fixed": false
      },
      {
        "name": "rod_45",
        "rod_type": "rod_sphere_end_caps_motors",
        "end_pts": [
          [
            -1.156749594014269  ,  0.06798157991939674, 12.20878578319353
          ],
          [
            1.2226041071519926, -0.5783463757898437, 10.09137318605626
          ]
        ],
        "linear_vel": [
          0,
          0,
          0
        ],
        "ang_vel": [
          0,
          0,
          0
        ],
        "radius": 0.016,
        "sphere_radius": 0.175,
        "sphere_mass": 10.5,
        "motor_mass": 35.3,
        "motor_radius": 0.175,
        "motor_length": 0.45,
        "motor_offset": 1.175,
        "mass": 41.8,
        "sites": [
          "s4",
          "s5",
          "s_4_1",
          "s_4_0",
          "s_4_2",
          "s_5_1",
          "s_5_3",
          "s_5_2"
        ],
        "shape": "cylinder"
      }
    ],
    "system_topology": {
      "sites": {
        "s0": [
          -1.5530433212345103,  0.08632876123451  , 10.17474469123451
        ],
        "s1": [
          1.0848403612345106,  0.46879421123451  , 12.034258021234512
        ],
        "s2": [
          -0.6636061551924052, -1.6027383164597246, 11.066782561305477
        ],
        "s3": [
          0.4028429532936645,  1.3240700236253233, 10.139971253214412
        ],
        "s4": [
          -1.156749594014269  ,  0.06798157991939674, 12.20878578319353
        ],
        "s5": [
          1.2226041071519926, -0.5783463757898437, 10.09137318605626
        ],
        "s_0_4": [-1.6550126012345105,   0.10278903123450991, 10.31601155123451   ],
        "s_0_3": [-1.5082998212345105,  0.22792336123451,   10.08214886123451  ],
        "s_0_2": [-1.4958175412345105,  -0.07172611123451017, 10.12607366123451],
        "s_1_4": [ 0.9828710812345105,  0.4852544812345101, 12.17552488123451  ],
        "s_1_3": [ 1.1295838612345104,  0.6103888112345102, 11.94166218123451  ],
        "s_1_5": [ 1.1420661412345106,  0.31073935123451,   11.98558699123451  ],
        "s_2_4": [-0.640574066213477,  -1.5580505619337104, 11.234405731162706],
        "s_2_0": [-0.8168887081248137 ,-1.5717595587088928, 10.988234626960004],
        "s_2_5": [-0.533355713146508,  -1.6784048466035306, 10.97770732670454 ],
        "s_3_1": [ 0.4258750427826382,  1.3687577780350282, 10.30759443305795 ],
        "s_3_0": [ 0.24956042124991804,  1.3550487892953644,  10.061423317894297 ],
        "s_3_5": [ 0.5330934062933533 , 1.248403502414997,  10.050896018158063],
        "s_4_1": [-1.0385413968699275,   0.12670232998645015, 12.32369312055053  ],
        "s_4_0": [-1.229195339636521 ,   0.17817140602055065, 12.093743096666186 ],
        "s_4_2": [-1.2025120362740764,  -0.10092898100373388, 12.208921123074752 ],
        "s_5_1": [ 1.340812305061992 , -0.5196256353202869, 10.2062805130546  ],
        "s_5_3": [ 1.1501583621402414, -0.4681565596632882,  9.976330499161936],
        "s_5_2": [ 1.1768416557850607, -0.7472569515809493, 10.091508525234918]
      },
      "topology": {
        "s0": [
          "rod01"
        ],
        "s1": [
          "rod01"
        ],
        "s2": [
          "rod23"
        ],
        "s3": [
          "rod23"
        ],
        "s4": [
          "rod45"
        ],
        "s5": [
          "rod45"
        ],
        "s_0_4": [
          "rod01",
          "spring_4"
        ],
        "s_0_3": [
          "rod01",
          "spring_7"
        ],
        "s_0_2": [
          "rod01",
          "spring_3"
        ],
        "s_1_4": [
          "rod01",
          "spring_8"
        ],
        "s_1_3": [
          "rod01",
          "spring_1"
        ],
        "s_1_5": [
          "rod01",
          "spring_2"
        ],
        "s_2_4": [
          "rod23",
          "spring_5"
        ],
        "s_2_0": [
          "rod23",
          "spring_3"
        ],
        "s_2_5": [
          "rod23",
          "spring_6"
        ],
        "s_3_1": [
          "rod23",
          "spring_1"
        ],
        "s_3_0": [
          "rod23",
          "spring_7"
        ],
        "s_3_5": [
          "rod23",
          "spring_0"
        ],
        "s_4_1": [
          "rod45",
          "spring_8"
        ],
        "s_4_0": [
          "rod45",
          "spring_4"
        ],
        "s_4_2": [
          "rod45",
          "spring_5"
        ],
        "s_5_1": [
          "rod45",
          "spring_2"
        ],
        "s_5_3": [
          "rod45",
          "spring_0"
        ],
        "s_5_2": [
          "rod45",
          "spring_6"
        ]
      }
    },
    "springs": [
      {
        "name": "spring_0",
        "type": "actuated_cable",
        "winch_r": 0.035,
        "motor_speed": 0.85,
        "stiffness": 100000,
        "damping": 1000,
        "rest_length": 1.7,
        "init_act_length": 0.0,
        "end_pts": [
          "s_3_5",
          "s_5_3"
        ]
      },
      {
        "name": "spring_1",
        "type": "actuated_cable",
        "winch_r": 0.035,
        "motor_speed": 0.85,
        "stiffness": 100000,
        "damping": 1000,
        "rest_length": 1.7,
        "init_act_length": 0.0,
        "end_pts": [
          "s_1_3",
          "s_3_1"
        ]
      },
      {
        "name": "spring_2",
        "type": "actuated_cable",
        "winch_r": 0.035,
        "motor_speed": 0.85,
        "stiffness": 100000,
        "damping": 1000,
        "rest_length": 1.7,
        "init_act_length": 0.0,
        "end_pts": [
          "s_1_5",
          "s_5_1"
        ]
      },
      {
        "name": "spring_3",
        "type": "actuated_cable",
        "winch_r": 0.035,
        "motor_speed": 0.85,
        "stiffness": 100000,
        "damping": 1000,
        "rest_length": 1.7,
        "init_act_length": 0.0,
        "end_pts": [
          "s_0_2",
          "s_2_0"
        ]
      },
      {
        "name": "spring_4",
        "type": "actuated_cable",
        "winch_r": 0.035,