{
  "timestep_size": 0.001,
  "num_steps": 3000,
  "system_precision": "float64",
  "gravity": [
    0,
    0,
    -9.81
  ],
  "rods": [
    {
      "name": "rod_01",
      "rod_type": "rod_sphere_end_caps",
      "end_pts": [
        [-0.155304332,  0.008632876,  0.237474469],
        [0.108484036, 0.046879421, 0.423425802]
      ],
      "linear_vel": [
        0,
        0,
        0
      ],
      "ang_vel": [
        0,
        0,
        0
      ],
      "radius": 0.0016,
      "sphere_radius": 0.0175,
      "sphere_mass": 0.0105,
      "mass": 0.0038,
      "quat": [-0.0271343747367599,  0.4595464989236264,  0.0523262922374588, 0.8861956331281274],
      "sites": [
        "s0",
        "s1",
        "s_0_4",
        "s_0_3",
        "s_0_2",
        "s_1_4",
        "s_1_3",
        "s_1_5"
      ],
      "shape": "cylinder"
    },
    {
      "name": "rod_23",
      "rod_type": "rod_sphere_end_caps",
      "end_pts": [
        [-0.0550854,   -0.166771965,  0.328008949],
        [0.02599148,  0.134654389, 0.237489933]
      ],
      "linear_vel": [
        0,
        0,
        0
      ],
      "ang_vel": [
        0,
        0,
        0
      ],
      "radius": 0.0016,
      "sphere_radius": 0.0175,
      "sphere_mass": 0.0105,
      "mass": 0.0038,
      "quat": [0.7960082802218892,  0.5920831243962326, -0.1008838388210448, -0.0750389411446823],
      "sites": [
        "s2",
        "s3",
        "s_2_4",
        "s_2_0",
        "s_2_5",
        "s_3_1",
        "s_3_0",
        "s_3_5"
      ],
      "shape": "cylinder",
      "fixed": false
    },
    {
      "name": "rod_45",
      "rod_type": "rod_sphere_end_caps",
      "end_pts": [
        [-0.110041725,  0.016742836,  0.450294061],
        [0.11975093,  -0.070022171,  0.237474492]
      ],
      "linear_vel": [
        0,
        0,
        0
      ],
      "ang_vel": [
        0,
        0,
        0
      ],
      "radius": 0.0016,
      "sphere_radius": 0.0175,
      "sphere_mass": 0.0105,
      "mass": 0.0038,
      "quat": [0.1234474247739382, 0.9080234095794413, -0.0539278192456933,  0.3966686416693577],
      "sites": [
        "s4",
        "s5",
        "s_4_1",
        "s_4_0",
        "s_4_2",
        "s_5_1",
        "s_5_3",
        "s_5_2"
      ],
      "shape": "cylinder"
    }
  ],
  "system_topology": {
    "sites": {
      "s0":  [-0.155304332,  0.008632876,   0.237474469],
      "s1":  [0.108484036,   0.046879421,   0.423425802],
      "s2":  [-0.0550854,   -0.166771965,  0.328008949],
      "s3":  [0.02599148,   0.134654389,   0.237489933],
      "s4":  [-0.110041725,  0.016742836,  0.450294061],
      "s5":  [ 0.11975093,  -0.070022171,  0.237474492],
      "s_0_4":  [-0.16550126 ,  0.010278903 ,  0.251601155],
      "s_0_3":  [-0.150829982,  0.022792336 ,  0.228214886],
      "s_0_2":  [-0.149581754,  -0.007172611,  0.232607366],
      "s_1_4":  [0.098287108 ,  0.048525448 ,  0.437552488],
      "s_1_3": [0.112958386 ,  0.061038881 ,  0.414166218],
      "s_1_5": [0.114206614 ,  0.031073935 ,  0.418558699],
      "s_2_4": [-0.054120799,-0.161984883,  0.344813811],
      "s_2_0": [-0.070220186,-0.165302233,  0.319347069],
      "s_2_5": [-0.040915217,-0.173028781,  0.319865967],
      "s_3_1": [ 0.026956081, 0.139441471,  0.254294796],
      "s_3_0": [ 0.010856696, 0.136124122,  0.228828053],
      "s_3_5": [ 0.040161664, 0.128397574,  0.229346951],
      "s_4_1": [-0.097685243,  0.022300016    ,  0.461370392],
      "s_4_0": [-0.116810565,  0.027753931    ,  0.438496238],
      "s_4_2": [-0.115629366,  0.174562430e-03,  0.451015552],
      "s_5_1": [ 0.132107412, -0.064464992    ,  0.248550822],
      "s_5_3": [ 0.11298209 , -0.059011077    ,  0.225676669],
      "s_5_2": [ 0.114163288, -0.086590446    ,  0.238195983]
    },
    "topology": {
      "s0": [
        "rod01"
      ],
      "s1": [
        "rod01"
      ],
      "s2": [
        "rod23"
      ],
      "s3": [
        "rod23"
      ],
      "s4": [
        "rod45"
      ],
      "s5": [
        "rod45"
      ],
      "s_0_4": [
        "rod01",
        "spring_0_4"
      ],
      "s_0_3": [
        "rod01",
        "spring_0_3"
      ],
      "s_0_2": [
        "rod01",
        "spring_0_2"
      ],
      "s_1_4": [
        "rod01",
        "spring_1_4"
      ],
      "s_1_3": [
        "rod01",
        "spring_1_3"
      ],
      "s_1_5": [
        "rod01",
        "spring_1_5"
      ],
      "s_2_4": [
        "rod23",
        "spring_2_4"
      ],
      "s_2_0": [
        "rod23",
        "spring_0_2"
      ],
      "s_2_5": [
        "rod23",
        "spring_2_5"
      ],
      "s_3_1": [
        "rod23",
        "spring_1_3"
      ],
      "s_3_0": [
        "rod23",
        "spring_0_3"
      ],
      "s_3_5": [
        "rod23",
        "spring_3_5"
      ],
      "s_4_1": [
        "rod45",
        "spring_1_4"
      ],
      "s_4_0": [
        "rod45",
        "spring_0_4"
      ],
      "s_4_2": [
        "rod45",
        "spring_2_4"
      ],
      "s_5_1": [
        "rod45",
        "spring_1_5"
      ],
      "s_5_3": [
        "rod45",
        "spring_3_5"
      ],
      "s_5_2": [
        "rod45",
        "spring_2_5"
      ]
    }
  },
  "springs": [
    {
      "name": "spring_3_5",
      "type": "actuated_cable",
      "stiffness": 50,
      "damping": 50,
      "rest_length": 0.2,
      "end_pts": [
        "s_3_5",
        "s_5_3"
      ]
    },
    {
      "name": "spring_1_3",
      "type": "actuated_cable",
      "stiffness": 50,
      "damping": 50,
      "rest_length": 0.2,
      "end_pts": [
        "s_1_3",
        "s_3_1"
      ]
    },
    {
      "name": "spring_1_5",
      "type": "actuated_cable",
      "stiffness": 50,
      "damping": 50,
      "rest_length": 0.2,
      "end_pts": [
        "s_1_5",
        "s_5_1"
      ]
    },
    {
      "name": "spring_0_2",
      "type": "actuated_cable",
      "stiffness": 50,
      "damping": 50,
      "rest_length": 0.2,
      "end_pts": [
        "s_0_2",
        "s_2_0"
      ]
    },
    {
      "name": "spring_0_4",
      "type": "actuated_cable",
      "stiffness": 50,
      "damping": 50,
      "rest_length": 0.2,
      "end_pts": [
        "s_0_4",
        "s_4_0"
      ]
    },
    {
      "name": "spring_2_4",
      "type": "actuated_cable",
      "stiffness": 50,
      "damping": 50,
      "rest_length": 0.2,
      "end_pts": [
        "s_2_4",
        "s_4_2"
      ]
    },
    {
      "name": "spring_2_5",
      "type": "cable",
      "stiffness": 100,
      "damping": 50,
      "rest_length": 0.2,
      "end_pts": [
        "s_2_5",
        "s_5_2"
      ]
    },
    {
      "name": "spring_0_3",
      "type": "cable",
      "stiffness": 100,
      "damping": 50,
      "rest_length": 0.2,
      "end_pts": [
        "s_0_3",
        "s_3_0"
      ]
    },
    {
      "name": "spring_1_4",
      "type": "cable",
      "stiffness": 100,
      "damping": 50,
      "rest_length": 0.2,
      "end_pts": [
        "s_1_4",
        "s_4_1"
      ]
    }
  ],
  "contact_params": {
    "default": {
      "restitution": 0.0,
      "baumgarte": 0.0001,
      "friction": 1.3,
      "friction_damping": 0.0
    }
  }
}