{
  "timestep_size": 0.001,
  "num_steps": 3000,
  "sys_precision": "float64",
  "gravity": [
    0,
    0,
    -9.81
  ],
  "tensegrity_robot_config": {
    "name": "3bar",
    "rods": [
      {
        "name": "rod_01",
        "rod_type": "rod_sphere_end_caps_motors",
        "end_pts": [
          [
            -1.5537750703659643, 0.08616201315454317, 0.17685779136962065
          ],
          [
            1.0863731278067825, 0.46812509722699847, 2.033257976726431
          ]
        ],
        "linear_vel": [
          0,
          0,
          0
        ],
        "ang_vel": [
          0,
          0,
          0
        ],
        "radius": 0.03,
        "sphere_radius": 0.175,
        "sphere_mass": 10.5,
        "motor_mass": 35.3,
        "motor_radius": 0.175,
        "motor_length": 0.45,
        "motor_offset": 1.175,
        "mass": 41.8,
        "sites": [
          "s_0_4",
          "s_0_3",
          "s_0_2",
          "s_0_b2",
          "s_b0_4",
          "s_1_4",
          "s_1_3",
          "s_1_5",
          "s_1_b3",
          "s_b1_5"
        ],
        "shape": "cylinder"
      },
      {
        "name": "rod_23",
        "rod_type": "rod_sphere_end_caps_motors",
        "end_pts": [
          [
            -0.5513638012268047, -1.6672687404397633, 1.0801555915028629
          ],
          [
            0.25993511556040994, 1.3468488366916347, 0.1749543651255222
          ]
        ],
        "linear_vel": [
          0,
          0,
          0
        ],
        "ang_vel": [
          0,
          0,
          0
        ],
        "radius": 0.03,
        "sphere_radius": 0.175,
        "sphere_mass": 10.5,
        "motor_mass": 35.3,
        "motor_radius": 0.175,
        "motor_length": 0.45,
        "motor_offset": 1.175,
        "mass": 41.8,
        "sites": [
          "s_2_4",
          "s_2_0",
          "s_2_5",
          "s_2_b4",
          "s_b2_0",
          "s_3_1",
          "s_3_0",
          "s_3_5",
          "s_3_b5",
          "s_b3_1"
        ],
        "shape": "cylinder",
        "fixed": false
      },
      {
        "name": "rod_45",
        "rod_type": "rod_sphere_end_caps_motors",
        "end_pts": [
          [
            -1.1021218077792843, 0.16712931045624918, 2.300974319036043
          ],
          [
            1.1986249180109796, -0.6998232633664703, 0.17554313769705976
          ]
        ],
        "linear_vel": [
          0,
          0,
          0
        ],
        "ang_vel": [
          0,
          0,
          0
        ],
        "radius": 0.03,
        "sphere_radius": 0.175,
        "sphere_mass": 10.5,
        "motor_mass": 35.3,
        "motor_radius": 0.175,
        "motor_length": 0.45,
        "motor_offset": 1.175,
        "mass": 41.8,
        "sites": [
          "s_4_1",
          "s_4_0",
          "s_4_2",
          "s_4_b0",
          "s_b4_2",
          "s_5_1",
          "s_5_3",
          "s_5_2",
          "s_5_b1",
          "s_b5_3"
        ],
        "shape": "cylinder"
      }
    ],
    "system_topology": {
      "sites": {
        "s0": [
          -1.5537750703659643, 0.08616201315454317, 0.17685779136962065
        ],
        "s1": [
          1.0863731278067825, 0.46812509722699847, 2.033257976726431
        ],
        "s2": [
          -0.5513638012268047, -1.6672687404397633, 1.0801555915028629
        ],
        "s3": [
          0.25993511556040994, 1.3468488366916347, 0.1749543651255222
        ],
        "s4": [
          -1.1021218077792843, 0.16712931045624918, 2.300974319036043
        ],
        "s5": [
          1.1986249180109796, -0.6998232633664703, 0.17554313769705976
        ],
        "s_0_4": [
          -1.653329334283719, 0.15181599019157455, 0.3049339555650519
        ],
        "s_0_3": [
          -1.5313259354037432, 0.24707050831012584, 0.11182324265731058
        ],
        "s_0_2": [
          -1.4542208064482096, 0.02050803611751184, 0.048781627174189435
        ],
        "s_0_b2": [
          -1.5762242053281854, -0.0747464820010395, 0.24189234008193083
        ],
        "s_b0_4": [
          -1.472311883392166, 0.12047654180860778, 0.44784904713728424
        ],
        "s_1_4": [
          1.0639239928445616, 0.30721660207141577, 2.0982925254387412
        ],
        "s_1_3": [
          0.9868188638890282, 0.5337790742640299, 2.1613341409218623
        ],
        "s_1_b3": [
          1.1088222627690039, 0.6290335923825812, 1.9682234280141209
        ],
        "s_1_5": [
          1.1859273917245374, 0.40247112018996706, 1.905181812531
        ],
        "s_b1_5": [
          0.9717415389281573, 0.294957304492275, 1.8380081039946945
        ],
        "s_2_4": [
          -0.4316695214422739, -1.6611895734711588, 1.2076754845228548
        ],
        "s_2_b4": [
          -0.6713215923324665, -1.602098229573798, 1.1896450104734624
        ],
        "s_2_0": [
          -0.6710580810113358, -1.6733479074083681, 0.9526356984828708
        ],
        "s_b2_0": [
          -0.6630979356490306, -1.4103332400504662, 1.0277186745851863
        ],
        "s_2_5": [
          -0.4314060101211429, -1.732439251305729, 0.9706661725322634
        ],
        "s_3_1": [
          0.379629395344941, 1.3529280036602396, 0.30247425814551415
        ],
        "s_b3_1": [
          0.2808246069373145, 1.1639843872847009, 0.3926105635310048
        ],
        "s_3_0": [
          0.13997732445474828, 1.4120193475576004, 0.2844437840961217
        ],
        "s_3_5": [
          0.140240835775879, 1.3407696697230302, 0.04743447210553009
        ],
        "s_3_b5": [
          0.3798929066660717, 1.281678325825669, 0.0654649461549226
        ],
        "s_4_1": [
          -0.9792177775163287, 0.19647361937477015, 2.422046656418357
        ],
        "s_4_0": [
          -1.0890157568850134, 0.33321572364527613, 2.247415614944546
        ],
        "s_4_2": [
          -1.1152278586735556, 0.0010428972672221204, 2.3545330231275408
        ],
        "s_b4_2": [
          -0.950360852016411, -0.05747604259679151, 2.212820781971034
        ],
        "s_4_b0": [
          -1.2250258380422403, 0.1377850015377281, 2.1799019816537295
        ],
        "s_5_1": [
          1.1855188671167085, -0.8659096765554974, 0.22910184178855686
        ],
        "s_5_b1": [
          1.3215289482739356, -0.6704789544479495, 0.29661547507937347
        ],
        "s_5_3": [
          1.2117309689052507, -0.5337368501774431, 0.12198443360556244
        ],
        "s_b5_3": [
          1.0996213963869572, -0.47552213604814897, 0.3209298819380175
        ],
        "s_5_2": [
          1.0757208877480235, -0.7291675722849913, 0.05447080031474605
        ]
      },
      "topology": {
        "s0": [
          "rod01"
        ],
        "s1": [
          "rod01"
        ],
        "s2": [
          "rod23"
        ],
        "s3": [
          "rod23"
        ],
        "s4": [
          "rod45"
        ],
        "s5": [
          "rod45"
        ],
        "s_0_4": [
          "rod01",
          "spring_10"
        ],
        "s_b0_4": [
          "rod01",
          "spring_4"
        ],
        "s_0_3": [
          "rod01",
          "spring_13"
        ],
        "s_0_2": [
          "rod01",
          "spring_9"
        ],
        "s_0_b2": [
          "rod01",
          "spring_3"
        ],
        "s_1_4": [
          "rod01",
          "spring_14"
        ],
        "s_1_3": [
          "rod01",
          "spring_7"
        ],
        "s_1_b3": [
          "rod01",
          "spring_1"
        ],
        "s_1_5": [
          "rod01",
          "spring_8"
        ],
        "s_b1_5": [
          "rod01",
          "spring_2"
        ],
        "s_2_4": [
          "rod23",
          "spring_11"
        ],
        "s_2_b4": [
          "rod23",
          "spring_5"
        ],
        "s_2_0": [
          "rod23",
          "spring_9"
        ],
        "s_b2_0": [
          "rod23",
          "spring_3"
        ],