{
  "dt": 0.01,
  "sys_precision": "float64",
  "processor_shared_weights": false,
  "n_out": 4,
  "latent_dim": 32,
  "nmessage_passing_steps": 4,
  "nmlp_layers": 2,
  "mlp_hidden_dim": 32,
  "tensegrity_robot_config": {
    "name": "3bar",
    "rods": [
      {
        "name": "rod_01",
        "rod_type": "multi_rod_sphere_end_caps_motors",
        "inner_length": 1.0,
        "end_pts": [
          [
            0.882119167055171,  1.0611885778364565, 0.1750029667013473
          ],
          [
            -0.9719295726826546, -0.9903467866877387,  1.8826931824269368
          ]
        ],
        "linear_vel": [
          0,
          0,
          0
        ],
        "ang_vel": [
          0,
          0,
          0
        ],
        "radius": 0.016,
        "sphere_radius": 0.175,
        "sphere_mass": 10.5,
        "motor_mass": 35.3,
        "motor_radius": 0.175,
        "motor_length": 0.45,
        "motor_offset": 1.175,
        "mass": 41.8,
        "sites": [
          "s_0_4",
          "s_0_3",
          "s_0_2",
          "s_0_b2",
          "s_b0_4",
          "s_1_4",
          "s_1_3",
          "s_1_5",
          "s_1_b3",
          "s_b1_5"
        ],
        "shape": "cylinder"
      },
      {
        "name": "rod_23",
        "rod_type": "multi_rod_sphere_end_caps_motors",
        "inner_length": 1.0,
        "end_pts": [
          [
            -1.0094624224958126,   1.360854579979269,    0.17500034134980624
          ],
          [
            0.5375349889449423, -1.4188569117435554,  0.8402093259308009
          ]
        ],
        "linear_vel": [
          0,
          0,
          0
        ],
        "ang_vel": [
          0,
          0,
          0
        ],
        "radius": 0.03,
        "sphere_radius": 0.175,
        "sphere_mass": 10.5,
        "motor_mass": 35.3,
        "motor_radius": 0.175,
        "motor_length": 0.45,
        "motor_offset": 1.175,
        "mass": 41.8,
        "sites": [
          "s_2_4",
          "s_2_0",
          "s_2_5",
          "s_2_b4",
          "s_b2_0",
          "s_3_1",
          "s_3_0",
          "s_3_5",
          "s_3_b5",
          "s_b3_1"
        ],
        "shape": "cylinder",
        "fixed": false
      },
      {
        "name": "rod_45",
        "rod_type": "multi_rod_sphere_end_caps_motors",
        "inner_length": 1.0,
        "end_pts": [
          [
            0.035188368883453225, 1.3573963769990258,   1.68083231468616
          ],
          [
            -1.1960284245824582,  -1.2462713709390296,   0.17500382713016382
          ]
        ],
        "linear_vel": [
          0,
          0,
          0
        ],
        "ang_vel": [
          0,
          0,
          0
        ],
        "radius": 0.03,
        "sphere_radius": 0.175,
        "sphere_mass": 10.5,
        "motor_mass": 35.3,
        "motor_radius": 0.175,
        "motor_length": 0.45,
        "motor_offset": 1.175,
        "mass": 41.8,
        "sites": [
          "s_4_1",
          "s_4_0",
          "s_4_2",
          "s_4_b0",
          "s_b4_2",
          "s_5_1",
          "s_5_3",
          "s_5_2",
          "s_5_b1",
          "s_b5_3"
        ],
        "shape": "cylinder"
      }
    ],
    "system_topology": {
      "sites": {
        "s0": [-1.5537750703659643,    0.08616201315454317,  0.17685779136962065],
        "s1": [1.0863731278067825,    0.46812509722699847, 2.033257976726431  ],
        "s2": [-0.5513638012268047,   -1.6672687404397633,  1.0801555915028629],
        "s3": [0.25993511556040994,   1.3468488366916347,  0.1749543651255222 ],
        "s4": [-1.1021218077792843,    0.16712931045624918,  2.300974319036043  ],
        "s5": [ 1.1986249180109796,   -0.6998232633664703,   0.17554313769705976],
        "s_0_4": [0.9906579896332081,  1.0766388440544916,  0.31140536135468655],
        "s_0_3": [0.9763402764561951,  0.9263432319289753,  0.11530275539240686],
        "s_0_2": [0.7735803444771353,  1.0457383116184213, 0.0386005720480076],
        "s_0_b2": [0.787898057654148,  1.1960339237439377, 0.2347031780102874],
        "s_b0_4": [0.8232464192170441,  0.9800708151442422,  0.44184356808916436],
        "s_1_4": [-0.9749308183638299, -0.8768111332132026,  2.0158308852555176],
        "s_1_3": [-0.8282309784384962, -1.064721738312775,   1.9493571200771096],
        "s_1_b3": [-0.96892832700148,   -1.103882440162274,   1.7495554795983563],
        "s_1_5": [-1.1156281669268138, -0.9159718350627014,  1.8160292447767643],
        "s_b1_5": [-0.9771173786913705, -0.8184194563079616,  1.6553958481959492],
        "s_2_4": [-1.0990022641477146,   1.3468484105788106,   0.32470486357835493],
        "s_2_b4": [-0.88428754501261,    1.4504408003009677,  0.258250321383062 ],
        "s_2_0": [-0.9199225808439104,  1.3748607493797282,  0.025295819121258 ],
        "s_b2_0": [-0.7821844395994944,   1.2062299798563987,   0.09959510321188009],
        "s_2_5": [-1.1346372999790146,   1.2712683596575711,   0.09175036131655101],
        "s_3_1": [ 0.5620768573988506, -1.365730582556818,   1.005134429659534 ],
        "s_b3_1": [ 0.38333779981442345, -1.2124317235388076,   0.9621185829628066 ],
        "s_3_0": [ 0.6894686254076203, -1.3453759155612455,  0.7939306773843928],
        "s_3_5": [ 0.5129931204910325, -1.4719832409302922,  0.675284222202067 ],
        "s_3_b5": [ 0.38560135248226285, -1.4923379079258654,   0.8864879744772082 ],
        "s_4_1": [-0.01583535771085587,  1.292324883604675,    1.835063569857925  ],
        "s_4_0": [0.18889712397579106, 1.2753271176468575,  1.6970574580553315 ],
        "s_4_2": [-0.11852038620888483,  1.439465636351194,    1.6646071713169883 ],
        "s_b4_2": [-0.1883838906643846,  1.2717233444423952,  1.526153374088421 ],
        "s_4_b0": [0.08621209547776221, 1.4224678703933766,  1.5266010595143948 ],
        "s_5_1": [-1.337336789774619,  -1.239006133141629,   0.2779803402118666],
        "s_5_b1": [-1.1168972171208877, -1.350755240042981,   0.290962324458916 ],
        "s_5_3": [-1.0547200593902972,  -1.2535366087364295,   0.07202731404846086],
        "s_b5_3": [-0.9502027088484603, -1.1115562320309142,  0.2266908394644932],
        "s_5_2": [-1.2751596320440282,  -1.1417875018350774,   0.05904532980141186]
      },
      "topology": {
        "s_0_4": [
          "rod01",
          "spring_10"
        ],
        "s_b0_4": [
          "rod01",
          "spring_4"
        ],
        "s_0_3": [
          "rod01",
          "spring_13"
        ],
        "s_0_2": [
          "rod01",
          "spring_9"
        ],
        "s_0_b2": [
          "rod01",
          "spring_3"
        ],
        "s_1_4": [
          "rod01",
          "spring_14"
        ],
        "s_1_3": [
          "rod01",
          "spring_7"
        ],
        "s_1_b3": [
          "rod01",
          "spring_1"
        ],
        "s_1_5": [
          "rod01",
          "spring_8"
        ],
        "s_b1_5": [
          "rod01",
          "spring_2"
        ],
        "s_2_4": [
          "rod23",
          "spring_11"
        ],
        "s_2_b4": [
          "rod23",
          "spring_5"
        ],
        "s_2_0": [
          "rod23",
          "spring_9"
        ],
        "s_b2_0": [
          "rod23",
          "spring_3"
        ],
        "s_2_5": [
          "rod23",
          "spring_12"
        ],
        "s_3_1": [
          "rod23",
          "spring_7"
        ],
        "s_b3_1": [
          "rod23",
          "spring_1"
        ],
        "s_3_0": [
          "rod23",
          "spring_13"
        ],
        "s_3_5": [
          "rod23",
          "spring_6"
        ],
        "s_3_b5": [
          "rod23",
          "spring_0"
        ],
        "s_4_1": [
          "rod45",
          "spring_14"
        ],
        "s_4_0": [
          "rod45",
          "spring_10"
        ],
        "s_4_b0": [
          "rod45",
          "spring_4"
        ],
        "s_4_2": [
          "rod45",
          "spring_11"
        ],